model,rmse,r2
LightGBM_Regressor,0.002283701231729059,0.9960639261033124
