Model,Accuracy,Precision,Recall,F1,ROC-AUC
Logistic Regression,0.965650493774152,0.9648370497427101,0.9664948453608248,0.9656652360515021,0.9945739864017817
XGBoost,0.9879776728209532,0.9871355060034306,0.988831615120275,0.9879828326180258,0.999466837750542
LightGBM,0.9875483039931301,0.9854576561163387,0.9896907216494846,0.9875696528075439,0.9994380779611521
Stacking Ensemble,0.9875483039931301,0.9871244635193133,0.9879725085910653,0.9875483039931301,0.9990369157706885
