target,accuracy,f1_macro
rhinitis_severity,0.997478203568532,0.9974758489317527
asthma_severity,0.9920797850770479,0.9920651216195315
copd_severity,0.996654501216545,0.9966450675499798
mold_severity,0.9992143146796432,0.9992136229841225
